Track Name,Artist Name(s)
OK!OK!OK!,ISOxo & Wavedash
kidsgonemad!,ISOxo
dontstopme!,ISOxo
MOONSPELL,ISOxo
how2fly,ISOxo
feel U luv Me,Knock2
Dashstar*,Knock2
come aliv3 (feat. Abi Flynn),RL Grime & Knock2
SMACK TALK,"ISOxo, Knock2, RL Grime & ISOKNOCK"
What's the Move (feat. General Degree),Henry Fong & Knock2
Gettin' Hott,Knock2
One Chance (feat. Marlhy),Knock2 & NGHTMRE
SIGNAL,"ISOKNOCK, ISOxo, Knock2 & London Mars"
Stacks (feat. 24hrs),Juelz
Freaks & Geeks,Juelz
2HEARTs (ISOxo Remix),Knock2
SAY (ISOxo Remix),Knock2
4EVR,"ISOKNOCK, ISOxo, Knock2 & cade clair"
rookie,Knock2 & SAYAK DAS
shake!the!city!,Knock2 & Naliya
ready 2,Knock2
nolimit,Knock2 & Lauren larue
Click (Knock2 Remix),ISOxo
"crank the bass, play the muzik",Knock2
fw me (dirty),Knock2 & Rhea Raj
select@,Knock2
shyne 4 me (feat. PIAO),"Knock2, Warren Hue & Holly"
fast n slow,Knock2 & VEDO
my melody,Knock2 & Sophia Gripari
hold my hand,Knock2 & Sophia Gripari
day1s,"Knock2, Bee-B & XAELO"
Fade Together,it's murph
Losing Control,Odd Mob & OMNOM
Shiver,John Summit & HAYLA
Where You Are,John Summit & HAYLA
Go Back,"John Summit, Sub Focus & Julia Church"
Clouds,BUNT. & Nate Traveller
Food for the Soul,it's murph
High and I Like it,it's murph & Evalyn
i promise,ISOxo
The Days (NOTION Remix),CHRYSTAL & NOTION
Rock Ur World (feat. fussy),Knock2
TROUBLE,"ISOKNOCK, ISOxo & Knock2"
Beam (Knock2 Remix),ISOxo
SPEAK up! (ISOxo Remix),Knock2
buttons!,Knock2 & Dillon Francis
STARsound (pt2),ISOxo & fussy
Formula,RL Grime & Juelz
Light Within,Juelz
Rewind (Set Me Off),Juelz
Drifting in the Dark,RemK
Dreamin (feat. Daya),Dom Dolla
girl$,Dom Dolla
CAVE,Dom Dolla & Tove Lo
Atmosphere,FISHER & Kita Alexander
TAKE IT OFF,FISHER & Aatig
